Provincia,Canton,Latitud,Longitud,Fecha,Afectacion,Estado_Via,Enlace
Esmeraldas,Esmeraldas,0.9592,-79.6539,"Thu, 08 Oct 2026 23:18:17 GMT",Ecuador: inundaciones en Esmeraldas e incendios forestales en Sierra Centro por El Niño - teleSUR,Alerta en Medios,https://news.google.com/rss/articles/CBMifEFVX3lxTFBFT1NrUVQ0QXZ1dTdTRndfcUJlUmFSbjM0ZDFFWTd0bFdFVWlvTWZOZ0hORXp0dk9DZWNMZl9OQkxfQUxIVVZSZDgxQzIzczNZMlBkMlZSUnl6N0QwUm1uMS1ST2d3UFJnTUJKUURNYVFWYnlDblRvRkUxMnI?oc=5
Esmeraldas,Esmeraldas,0.9592,-79.6539,"Thu, 08 Oct 2026 13:52:08 GMT","Lluvias en Ecuador dejan más de 16.000 afectados en Esmeraldas, Guayas y Manabí - expreso.ec",Alerta en Medios,https://news.google.com/rss/articles/CBMiqgFBVV95cUxNZlAxYzdUM0JhSTVtYzhRMGV4OHNqaHU5UDdRQ014ZGhma1F5TU1SdExFNEFZSnhLLXZOZkpmR1hnUm8yU25Mb1FmUVpVYUdRcWNIOFYzRXdUQ1BPbklLN2FncFRDcHZCcjYxVDFBZVRsM1R1YVNEaVZoVVJjTldTa2VaLTlGWGtySDdsTjVRWWJrXzNtd2xjRkFSSG4xNGl1VVRmZThkbzJkZw?oc=5
Esmeraldas,Esmeraldas,0.9592,-79.6539,"Sun, 04 Oct 2026 07:00:00 GMT",Ayuda humanitaria para damnificados por inundaciones en Esmeraldas - El Universo,Alerta en Medios,https://news.google.com/rss/articles/CBMiuAFBVV95cUxPSjZhUC1pUWN3dzNSejgwR3ZJdFpIVHdrQjYwdmxuUFZrUDdWX0tCZXVCMzFwcFJPbFFqZHpXSmV2UXNfc1RSa0xsaTZEWUtDZ2FJYmhOWTF5T3NpcXdoekFHeWx5cEJ1VUlUYmN0SXZyZnMxRHoxYVNreW8wbERjOVBwb2FIS0JqbzFYREJET1BwYzEyTDMzdlM2VE5MV1BVU0RqbWNhV29hMDJocmN4YkxQOUh6eFpH0gHMAUFVX3lxTE8tV0FzUUtJaUpfMTNzOVNVUmY3MHVlS0dzd1BVem54c2JJNi04U1AwVkZRMUR2ZGhqVDIwSUE5TTFOY2tUQ0s2eEpHeUdmb1QyQXlUMV9QUkJGdmxKVkl2Z18xT3dCdjgwQ1Mydks1ZVU0bGVGRm1WcEg1cGVydXJ0V2lNNS1Jd1JfWnRZb1NyWVVhdjNpcWt2YWtDQ3Q2c1lsZDJJekdKTmtmVmlMR2gtYk5BMVVfbE1ncWxZTlIxWExCVTkyZ09xY2xMTw?oc=5
Esmeraldas,Esmeraldas,0.9592,-79.6539,"Mon, 05 Oct 2026 17:48:28 GMT",Efectos del fenómeno de El Niño en Ecuador: inundaciones en Esmeraldas e incendios forestales en la Sierra Centro - Primicias,Alerta en Medios,https://news.google.com/rss/articles/CBMixgFBVV95cUxOTFE2VlNkZmk3ZXVOLTdWaFNHbU1iU3BENG52c2pWUkk0dUltcnAtZzZmck96cExoa3RKQTNrd2x4MmtnZVJnVlNqalNMSUJLZUdRdGZLNVh3Sm1VbTlPWTZadC1odGdZQUNSamo4U1lRZFdGZkVWX0FDSXFMMm5mZkFFMnBEZU9wdi01RERkREp3WE40WDFfSG9JVTAycXdGckxqWjJONGdJSXlfN3M1M3V0MjZZQW80amxZQUd6TXpJRThUT2c?oc=5
Cantón Esmeraldas,Cantón Esmeraldas,0.9592,-79.6539,"Mon, 05 Oct 2026 16:01:10 GMT",Cantón Esmeraldas es declarado en emergencia por inundaciones: se activa ayuda para familias - expreso.ec,Alerta en Medios,https://news.google.com/rss/articles/CBMitwFBVV95cUxNNENNTHdidkxjX2xzWks1ZkpJanhRZExVaGZzSi1JRjNqTlIxYTNiOHYwa09WdHE1aDRFUEl0MXdnLXdTQ2F4a2QyZWRER0FmMVdpMjZwM1BBaFFORG1objUydGlCZEdDVjFuSzc3ZHlLVFBBZVFPd09zS0lPcXZDS0tzaHF1akdfZTd1cWxpcElWb2llSFJHVmUtYmo4UXN0ZEV6eTJTZnU0blRGNWlOUHc2MTl1azA?oc=5
Prefectura De Esmeraldas,Prefectura De Esmeraldas,0.9592,-79.6539,"Thu, 08 Oct 2026 13:27:38 GMT",Prefectura de Esmeraldas declara la emergencia por lluvias y efectos de El Niño - expreso.ec,Alerta en Medios,https://news.google.com/rss/articles/CBMipwFBVV95cUxNUS1va2prTHgySV9kaFByVGNMbFBxSWlTbkNJWWNMeV9BSHNQWXpydTJhRG5NSmhtSGtBZllteEg5b1UzYkU5aFNtUE5kcmQxcWdKMEhiSXRBelhVUENQZTlDUkFyRUZhMzU0SGxWRmw5SDFvdWVqd05WaDNKdFYtN0tYRVRuN2J5UjcteXloSDBxZW1NbklWaWo5dXZFWVNFOGk3M1dmZw?oc=5
Manabí,Manabí,-1.0545,-80.4544,"Thu, 08 Oct 2026 13:12:00 GMT","Fuertes lluvias provocan inundaciones y afectan viviendas en Santa Ana, Manabí - El Universo",Alerta en Medios,https://news.google.com/rss/articles/CBMiuwFBVV95cUxNdU1mZjNQbG9MZU13eW04LVd6YnlDQVk2TEY3RHNNanYxSWJQTnFzLU5uMUd3eG9RTU40WGxVUXJTT0FycV9GVDdaZkhoNVVkMGs3ZmdRZHJTX3lUUWZPMDRHYnhvaEt5dVJTRmNUWmFsQ1habm5vSGFCWTROR3JxN1A0X0NHemhxQkFodlpPbE9kMmZYdjhaLXprRWNONW1Gd1JsV2laU2dSeGgzZWloSjRGQ1BFUV9Wb01n0gHPAUFVX3lxTE55bDNYN2RWSUNVZjhyRkoxMk51NE9ucGhZTktNZS05Qll3R0Vhdjc3d2dLTVVqWFpCbklLdW43QU4zWjljNXppUlU0VUVSeXdCN3hNQVJMd2VUUF9aZ1FaNm1tUnp4ZEVucUJJa2pqM25oYlpUekJJTHAzekVkY0JvSlR5a0JRZHAtbWlKdjBibnRKbk5jYmw2OXV3YlFQM3p4TEZPQU1LV2w1TVY0eXdaRnZZa2tEb1hwVWdBaUI1YlR4d3U5a05weHNHR1VGRQ?oc=5
Cuenca,Cuenca,-2.9001,-79.0059,"Sat, 10 Oct 2026 03:31:31 GMT","Clima hoy en Cuenca, Ecuador: el pronóstico del tiempo para este sábado 10 octubre de 2026 - Clarin.com",Alerta en Medios,https://news.google.com/rss/articles/CBMiygFBVV95cUxNZXB5cWJfbjNfdFJRMVNpeks2c2lsTlFUa1ZudjQybzFPUEVJOUNJc2trTXNzTUVoQlRYR0lmWXlGa2FFVUxuSUxPT2JrQnN1OGJfVGJPRmtScC1wQnRqaUU3dENiMXhUcDF1dW5iaUNWcG5MT2ZIemhuX1V1YU9OSlowNVU4UjRtQlBqSGlqM2JSTk14LTNVc0xqaWQ3T3Vwc3djMmhxNFBtNUlCUVFHY2NXZm5RTEVyOTZQSXZnak8xanpoYzVpQUx30gHKAUFVX3lxTE1lcHlxYl9uM190UlExU2l6SzZzaWxOUVRrVm52NDJvMU9QRUk5Q0lza2tNc3NNRWhCVFhHSWZZeUZrYUVVTG5JTE9PYmtCc3U4Yl9UYk9Ga1JwLXBCdGppRTd0Q2IxeFRwMXV1bmJpQ1ZwbkxPZkh6aG5fVXVhT05KWjA1VThSNG1CUGpIaWozYlJOTXgtM1VzTGppZDdPdXBzd2MyaHE0UG01SUJRUUdjY1dmblFMRXI5NlBJdmdqTzFqemhjNWlBTHc?oc=5
Guayaquil,Guayaquil,-2.1961,-79.8862,"Fri, 09 Oct 2026 03:31:27 GMT","Clima hoy en Guayaquil, Ecuador: el pronóstico del tiempo para este viernes 9 octubre de 2026 - Clarin.com",Alerta en Medios,https://news.google.com/rss/articles/CBMizgFBVV95cUxPNlp4STRFVWY5SWlIRmx0aUhoUEk0dFpyYXRFZF9UTlhUNkZPXzVJa0VCZVZOQTJfTjJ1MUhBSVJ2ZWpPY0M5MzBEbTBxVnlRazlNNVp3NURzRkRUMDZpLUk5ODhxRjFuTWhZUlVNTHdLOWI5Mk9hcEllUFFza0k4QXJEZWhUclRYNnFCS0tXeDdSNHdhSV9uX0NBU2V5YjFlVWF1Rlo3c1dIc1BwWloxNU14OHFrYTVYWTZtc05DSkhwRjc2bmgzY3RyR0Npd9IBzgFBVV95cUxPNlp4STRFVWY5SWlIRmx0aUhoUEk0dFpyYXRFZF9UTlhUNkZPXzVJa0VCZVZOQTJfTjJ1MUhBSVJ2ZWpPY0M5MzBEbTBxVnlRazlNNVp3NURzRkRUMDZpLUk5ODhxRjFuTWhZUlVNTHdLOWI5Mk9hcEllUFFza0k4QXJEZWhUclRYNnFCS0tXeDdSNHdhSV9uX0NBU2V5YjFlVWF1Rlo3c1dIc1BwWloxNU14OHFrYTVYWTZtc05DSkhwRjc2bmgzY3RyR0Npdw?oc=5
Manabí,Manabí,-1.0545,-80.4544,"Thu, 08 Oct 2026 13:52:07 GMT","Bolívar, Manabí, Los Ríos y otras provincias soportan desbordamientos de ríos y esteros tras fuertes lluvias - Primicias",Alerta en Medios,https://news.google.com/rss/articles/CBMitAFBVV95cUxPbnpRZHlSbFg4V1p6OUZlY19PX3I3VWdTRFZCMFRTSF8zVzJfa29RV1VUMDU2Nk5FZkthODU3a19veHNBcEh6d2VLRnN6NmhDbERZV0NSeGxQVWJoS0hKblZZcWxUbkhkNU9wRXVON1FQUlRwaUFhZm95aWIyUE9NdDFTejlHWklMUExBVmowamNnWnlEMGsxMC1QbW9hVURvWnFBMDV0bTJuR1BMWDlQOEhlMkc?oc=5
Esmeraldas,Esmeraldas,0.9592,-79.6539,"Mon, 05 Oct 2026 00:30:50 GMT",Fenómeno de El Niño: Tres cantones de Esmeraldas se declaran en emergencia por inundaciones - Ecuavisa,Alerta en Medios,https://news.google.com/rss/articles/CBMilAFBVV95cUxPeTNPV09MWGROZ0hsbGxrU21pQTc3S2VuZUhDQXpXSlI3c2Q2QzBDaGRXWWJxcVRaT1VETXdKdDNfSGUwaG9pQmVycXZWYUZRTlFSdkJJVzlWV0QtaFpBdmxISVNaZUE5dlUtcmhyY01XQzFvSG95Q1lIMFJKbm9hRUd6bzlyMXlMUXZrSUkxZUxPSmlu0gGaAUFVX3lxTFBkU1BFcExFd3FLS2dkY0wxTkw1dktwdjdXYXRVc2xvSW9XeTZvdnJLMm1iS1NDT3VzN2pRbkJkWFdHUkFpYlYtTmVoOVZJZ2tLT2ZMYi1rNkhPcElKTE9XSWZBejVYZUFWbUcxRllTX2wwLUxBLW9SVWJZRGxRS3o2UVhZZndxZkdHZG9LYklFeFJhaEJPdTE4VlE?oc=5
Quito,Quito,-0.2298,-78.5249,"Thu, 08 Oct 2026 16:40:00 GMT",Ecuador sacudido por brutal granizada en Quito: Advierten lo que vendrá - Urgente24,Alerta en Medios,https://news.google.com/rss/articles/CBMirgFBVV95cUxPdm95OTdvWVdjci1RUUpZZWtyeG1YeDVjUHBwYXZNNV9GMDNuRUJYWDRrU1ZHZUl4T29YV3ZzS0hWYm1vQWtHSzFFU0tUTTRudEg5eFdkSlcwZ2NoNU5mWlBYcnRDZFNCUkp1UmRLcTRpdDJWNHdjekNITUFpd0xJM1VuYkxLcGVHcVNIeEZldHVXbDVvVUVqdkpfaWJESGlPQVZpLVF2U0Z6LXhOSmfSAa4BQVVfeXFMT3ZveTk3b1lXY3ItUVFKWWVrcnhtWHg1Y1BwcGF2TTVfRjAzbkVCWFg0a1NWR2VJeE9vWFd2c0tIVmJtb0FrR0sxRVNLVE00bnRIOXhXZEpXMGdjaDVOZlpQWHJ0Q2RTQlJKdVJkS3E0aXQyVjR3Y3pDSE1BaXdMSTNVbmJMS3BlR3FTSHhGZXR1V2w1b1VFanZKX2liREhpT0FWaS1RdlNGei14Tkpn?oc=5
Quito,Quito,-0.2298,-78.5249,"Mon, 05 Oct 2026 14:29:49 GMT","Lluvias en Quito: inundaciones y aluviones afectan a Quitopía, el Metro y otros sectores - Vistazo",Alerta en Medios,https://news.google.com/rss/articles/CBMiwwFBVV95cUxNTUVRUU1TejZZbDU2SFpvUmR6c1huU1ZEMW81cnNTVjZJSEVYZVRkaDdNTHVDaFFyTEJ4dV9uY3lGV3MtT1RqeGJDMXBkb205c09zWjR6cEFXSUhjcThlRzd1WkZkSXJxRFpWR3lkZUJGNkhOR0dtVWxDMk1WUHRmN2wyY2VBZ1dPaTh3N1FhVVUwVVNPU2trWkl4Ny02LS1Ib3BoT1N3ejlpOW8zdUNZY19fMS10LS13eUlnZkRMak9OeDTSAcgBQVVfeXFMTkNUS0c2ekZuNG9qMlMzclM3UUtqanVKT0FNVEotM3NWZnMxNThSY3ZQYnAySE5jRXpkSXlVbDVuMUcwVEZEXzMyN1doeFVwZG5EZGk2SEVicEZyc0hRdjBLTjlLMzNvejhIS1lJUjYzRHFkcF9rWlhORWN4R1lKQkY5d1YtN05jQUZKUWtMVHNzZ1NjSEJCZ3lKbVVOQm94NDNUeWZrUGVYVkJLS0Rwa0Zsa1NLT2w0VDFfUTlUdFZhX0RjZFBWNzk?oc=5
Quito,Quito,-0.2298,-78.5249,"Thu, 08 Oct 2026 04:20:46 GMT",Fuertes lluvias cierran siete estaciones del Metro y varios túneles en Quito - eltelegrafo.com.ec,Alerta en Medios,https://news.google.com/rss/articles/CBMiywFBVV95cUxQdlNkZ0NjVkxmSFc0VGFEajFQcGxWNFA2eDVhMTdkUXZ0dDJQUDhvQ0RGeGtVRHp6YmpXTGY0TWlWbmdBXzgwdWpNVHI4Z3FRbjVlUU9Pb2R1LTBHUG44ZDNTc3ZUR05haHh5Z0RaYlYxTlB3b1VfWnplbVBSOXZZdGRPUUFkNzhyWkNZY3NUdUJnWms1R3VuYjQ0YlY4RUw2d0lYTlV4eTVrdklvNWR2TXo3dmhxVlFGMGpoWkpsLTR1T0c0UFZEcTFHYw?oc=5
Quito,Quito,-0.2298,-78.5249,"Thu, 08 Oct 2026 16:40:00 GMT",Granizada en Quito: Videos del poderoso fenómeno que sorprendió en Ecuador - Urgente24,Alerta en Medios,https://news.google.com/rss/articles/CBMiswFBVV95cUxPbUtBdWFZUnBIMFAzSFRveV9rUXg5WFFMT3BkOXpfbWRYQ2t5OEFUYV9ZU1Rhc1lLdGNHTXE2STlZaXE0TC1YMVRpbDRYZGJwemU0elhGZV91Wk9wQUFxU2JTRUcxX1dkUTk1OXdYQWRvT05uSXRlV0kxcUJPVXNVMFRzbkFLQWJ0MFlGMnhkeC0teHJxcWpwRk1WRkc1ZFF0SldzaTdRZHVPWEU3RDZlMk5mSdIBswFBVV95cUxPbUtBdWFZUnBIMFAzSFRveV9rUXg5WFFMT3BkOXpfbWRYQ2t5OEFUYV9ZU1Rhc1lLdGNHTXE2STlZaXE0TC1YMVRpbDRYZGJwemU0elhGZV91Wk9wQUFxU2JTRUcxX1dkUTk1OXdYQWRvT05uSXRlV0kxcUJPVXNVMFRzbkFLQWJ0MFlGMnhkeC0teHJxcWpwRk1WRkc1ZFF0SldzaTdRZHVPWEU3RDZlMk5mSQ?oc=5
Manabí,Manabí,-1.0545,-80.4544,"Wed, 07 Oct 2026 12:00:00 GMT",Alerta por El Niño: Los 15 cantones de Manabí que ya activaron sus COE por las intensas lluvias - El Diario Ecuador,Alerta en Medios,https://news.google.com/rss/articles/CBMi0gFBVV95cUxQM0VVTV83SnZqVEFpaElSejZkekE4cHhRVXNsOFZXQWxxaEVIVjVwTHZ2QjhUdUxnTzdsNG9tX1Y3Q2g5M1U1WmdpczNMdG56NklodEFhQnFRZ1pMX2E4RkhXNDgwX0U5Y1dsdEZTeHpRZXpKSzlTMVlSRkRYRmQ0WXlxbDlubU1PZTFYQllPN3ZNTlVjZHI2eGZTVnB1ci1SbElkQjVxWVlJcDFLYmRNaVF0UDdHWG5keUxGVW1TVWR0bC1CeUpONUpoRnhpZFdEdGc?oc=5
Quito,Quito,-0.2298,-78.5249,"Mon, 05 Oct 2026 21:57:42 GMT","Quito: la torrencial lluvia del 4 de octubre es el evento más 'severo' de los últimos cuatro años, ¿se puede repetir? - Primicias",Alerta en Medios,https://news.google.com/rss/articles/CBMiogFBVV95cUxQSlpCNWhBczluS3Nrd1htUkdIbjhoMGxjTDNBRlRIQUN5QXpWMEtPTlFqQmtvUkN5WVR0dERPSWRKRW5PQXZWd0xDTGFXdzBzOGt2MUpyUzJmMkpDRTF4XzhhT0NQVDJDcjN0RnJETVRFbTA5cXV0Y1VYcV9TRmlESU5pWVZwVW5sSTFhM3pwbEw0bHFOVUFYTXN4aUItYkJOdUE?oc=5
Esmeraldas,Esmeraldas,0.9592,-79.6539,"Thu, 08 Oct 2026 15:27:00 GMT",COE provincial de Esmeraldas aprueba declaratoria de emergencia por afectaciones de las lluvias - El Universo,Alerta en Medios,https://news.google.com/rss/articles/CBMi8AFBVV95cUxQeDFPS3hRY2ltUjFyYkdPd1Vzd3d4TC1PU3JEZzRJUFhLQWpLTzlyRzloZUJHblM0WWtvT0FsaVNBOWRuMlpIakJMUnR5cWctR1hEaFhlTDdnN1NLRkl3ZnlGZXdONG5JbG9ncldjeUhWenBPR0ZsWGNhZ3VnaERfNWlBNUtoaWYwQWVIZTFRVXN3d1AzRERMaGVwSjkwb1k2OFVTNFBMaEp2eWctQXFtUHBKaXNwX3VmMGtnaUYyM1J2aXRFcWp4VzN1SUhuMi1qZ2F4VXJJU1daRXZVamlSX2N5b2FScFVDcVNjVjVqbXDSAYQCQVVfeXFMTVVpSmJSb2tXMTI5YXVrVkhtdXVYUGU2WGQ2LVJKaXJyTGxwYXpkb21wVEYya0VvdFRGSjVMdWZoMjJxRXprRG1BTEhMRXFnb194S0NDQzNNblRvMk1RWDZhVEF1LTlxRjV0ZEx6bDQ1TS1Ucjd2eTlVMUp0b3dKSWwxa2V3aGlYNk1OUGlTUEFSNjl3cjJlVXNoOE5HV3Y2NG9EdkZuYW0yckZpUzRidVlOZXNwUmowRWlvdERWdERUenJjSDNxVjFSUW1fZlVDMEdmQThWd09QdHd0Uy1XV3NFNVdScHpWMlVrbElPc0wtNnFUbVV4ckVYVjdGZHlWUmFRRng?oc=5
Quito,Quito,-0.2298,-78.5249,"Sat, 03 Oct 2026 22:54:24 GMT",Fuertes lluvias en Quito provocan 11 emergencias en distintos sectores - Primicias,Alerta en Medios,https://news.google.com/rss/articles/CBMihwFBVV95cUxPWDNEY1R3NTFwV2tGZ0pUVE5NbTNrWG1DYkVuZmRwN25Mc09lNHR0NHFIMXN6Wlk4V29lR0Iwa09lcGhjVUVMaVl6dHRCb0dYY0ZFenpkQmQta2p5S19iVmZUZkxESmZTZDI1YkNHRkdqRVV3azktbDFBT05fUkVPSVBHd0JsTGc?oc=5
Esmeraldas,Esmeraldas,0.9592,-79.6539,"Wed, 07 Oct 2026 10:00:00 GMT",Fuertes lluvias persisten en Esmeraldas y Quito enfrenta radiación solar - Ecuador 221,Alerta en Medios,https://news.google.com/rss/articles/CBMioAFBVV95cUxNWlFJYzhjZ2E5QWpBX0lnMTNNR1Z6YzJrM2tEejZBcjN6a0txZEF4U3BPSnNvclk5c3A5cXhoRVpVckE5cDZ6OWFtcnJ3bFRJb1BiOEtSazJaM0Q5cVo0RGlxY1g1ZVNYeU90cnQ4eUdpdlZiamFWLTY1RDdyWWxMcXp0blpVaDljSVdadU81RjVZYXktZ0kwNXlNc0k3dnU5?oc=5
Esmeraldas,Esmeraldas,0.9592,-79.6539,"Tue, 06 Oct 2026 16:28:00 GMT",Ecuador registra 248 eventos por lluvias desde finales de agosto; Esmeraldas es la provincia más afectada - FM Mundo,Alerta en Medios,https://news.google.com/rss/articles/CBMizgFBVV95cUxObDFsNWxxc0NXU015TXNKeWpOOXdnQmpVSzdZelExU205Uk9yQmlqazhMVzRIUVhqdzViX2NRMDFvX0lQU1ZZYkVtTFd1VmV1d3BVN3J5VlpmeHA4bGFUcl9fX2ZHMWtDY1BYcmdIdGlXU3ZKd0w4cGdUYlFvXzJWTE4zSE1KeXhTSnF6U1FMdDZwX2xLbkwxVlBKUVBZcEVUelZpNE9yRWhIWHBhdFRWN0VMWGVES0NVY1EzWDNROTZJU01nTVJDWkMxM1lSQdIB0wFBVV95cUxNSVBEcW5LTjd4aklKUHM5aE8zRUxrc0hEbXp3bDBEMEN2RzVVMWR5SnhOZmpSRFpLRkhSMUVzazVpemlncWlfYzFRQXVPeUVob3BfN3IxWTFvSTgyLTJuSGxiZzVsb0hPMDZoOUw1ODE0bWp3THRyek5lTUluTWc2bXF1R3pJN2VseFByRHg5MGw4UW9nekZtRTFudjBTZmQxM1ZkclAyaDlSVlVYd1RQUXJuanJNNjBLWmRGejZXdl9QbXN5eFhYU0dVR2lVYUNBY3NR?oc=5
Esmeraldas,Esmeraldas,0.9592,-79.6539,"Thu, 08 Oct 2026 19:41:14 GMT",Esmeraldas entra en emergencia tras tres semanas de lluvias e inundaciones - www.eldiario.ec,Alerta en Medios,https://news.google.com/rss/articles/CBMilAFBVV95cUxNTklncUFwQkpKdDJCUGlNTmxRNldHc0VKQmdZSzdONlI2T3lPTmo1b1pUeDE2Uy10b3FfakU5M21DSG9aRjZ5dnJKZlFzMkpPN3ZKTGdMR21EclVudjZPWnhNLXp0UEtsa055OGt4Q2szNE53VkNEaEdtTDBYc1l0QmVfUi1yM0JxRHhFemJ5emJaSEhI?oc=5
Quito,Quito,-0.2298,-78.5249,"Wed, 07 Oct 2026 16:40:00 GMT",321 barrios de Quito tienen riesgo de sufrir inundaciones - Ecuador 221,Alerta en Medios,https://news.google.com/rss/articles/CBMijAFBVV95cUxQbFFRVVJQTTh3R2NudW8wWk5SUUpXOHByTFpSbjZqUm5YWEZCNnlmUm56U3lkQ3piTkdnckJZQWI2V2ZsTnBuTkZMb09veWJLTFYtQ2h0STdsREFsMHFNQk5sRUhheVBGcTExdjR4VWlrOUpYV1NpVDBCVjNudG5tU29ha0JLa3ZKS0NXcw?oc=5
Guayaquil,Guayaquil,-2.1961,-79.8862,"Fri, 09 Oct 2026 12:05:00 GMT",Guayaquil tendrá una máxima de 32 °C y lluvias durante la noche este 9 de octubre - El Universo,Alerta en Medios,https://news.google.com/rss/articles/CBMizgFBVV95cUxOWHVKcUQwVi0yM2h4VnlxWnBxNEtYdy1ocXpSZV9DUWlvREJPOHRvampEWGtkV3lxamF0VUtRODZDZ2hUZ2NrZzdFQzQ5Rm9OVFhHX2JMZDVURHFZZUIxUkVVaFFSSXAwbVdKYW1wNmFPN183NlEwTzRibDJ0YnZFY1EzdWhoUFhpM25LTDBkSFc5UU1zTm5pM2M3NzZxOVltLW9ZX0J2M1lkNnRMcTR0cXJRYkplQTdHSzRLcUU2VG5zZDB1NGlRVktYb0xLQdIB4gFBVV95cUxPcExCRGF4MkV5NXZ4d2JtaWF6RmtmUjBOa3hKNk5RZUI2eVF5MV9aYXpOa09vN0ZMYVQ2LXNHNDNxeGcyUEgwRlVGNDBjUEEtbW9JVDlXRnJ4MGxoQzBuTnlqMHowU2Q0WXRKOFpTSWNWUUhiVklHR25pMnR6eUp3OXdxT2pxTTBhd3p5V3JLOGl1bGhPRF9CbWJPZ0JGamV3a3FuMERKZ1hWcjd4c005aHJHdkVwWWVQM1VkRVBzeGdQcDBTQlhyel9aNkZTSEEwUjg3SXIxVTJIRnd1QV8yT1F3?oc=5
Quito,Quito,-0.2298,-78.5249,"Thu, 08 Oct 2026 11:46:32 GMT",Clima 8 de octubre en Ecuador: Inamhi prevé tormentas en Quito y tres ciudades de la Costa - Ecuavisa,Alerta en Medios,https://news.google.com/rss/articles/CBMiwgFBVV95cUxNSG1QeHB6UGRtb3YyaWgyWklrcEJMVmtCc2RlZVhUbTFWcmU5TjVEc3F1cDRfU3doMEdTakMzc2huT29uQzZCbEwwMElPaFNxdklCMDJ6RFlTaUR1cG1ETURxWVUtWlNpNWtKVldvcF9ZVVVZN3E2V3hwdndaOXZjaElUTWdWSnZSRVNYQ2k1Qk5KQTRnQmZxRFlhaFhoWDdSeWQ3dkxRdW9USXEwWXJJeGx3a29SdmRKTTN0MDBWdE1pd9IBxwFBVV95cUxQYW9VQlFFUlNmYi00U0JHMU5tRE42bVFyNy1IX3IyN1UzQnZWZDVYemVNaXZKZ081a2d2Uy1HUXNQbGxMRGxBV0xJVjVRQ0M5MHQyLTNuUW5UbjBjLWVlNERFeUdWLXFJQ3dJREhxdjhxOXE4WnJuRkYtU3diV2ZaRDhLby1Fd20wV0hWdmt6dHRldVhzRmFOa0EwMEItVC1hVW55c21aOUVIRUo2RERYQkh0ZnFtdHlkWk5NeGZxMlc2OVl1RDAw?oc=5
Esmeraldas,Esmeraldas,0.9592,-79.6539,"Mon, 05 Oct 2026 19:02:00 GMT",Tres cantones de Esmeraldas se declararon en emergencia por las lluvias que dejaron miles de afectados - Infobae,Alerta en Medios,https://news.google.com/rss/articles/CBMi8wFBVV95cUxNMFMtZFVFZ2pxaWF0ei1JbE11QThadHlkRENWeFRLQXJqZDdaV01YTm9VTU9weVNmTUVZOTZreUNNb1RuRlRibXIxbGM3UHBOZkx2eURmQ0xaenA0NS1COGZSc0ExdTRVaWRMdzhVR0dyYXZFRVVMVi1tbkNfVXcwbHRiSlZhSnpNWEJZNWNPaDdFRFpZZDlDZUNVamV2VnBWcWV0VU5qaTh6dWpiQXZDS0JIaHk4YTZydmRDZzZWWGc2bTUyOGxERnM2VzFiNnJXbWZmNi1lbEdobTYyLVp6N3dBME1WNDFIbkhobWQ0anh6Rmc?oc=5
Guayaquil,Guayaquil,-2.1961,-79.8862,"Wed, 07 Oct 2026 03:31:30 GMT","Clima hoy en Guayaquil, Ecuador: el pronóstico del tiempo para este miércoles 7 octubre de 2026 - Clarin.com",Alerta en Medios,https://news.google.com/rss/articles/CBMi0AFBVV95cUxPX2FLZklWSTc2LUNDeENFeldyc1JianRqeHpNa2JpUlNUbFdNdHJuOXQwX0JTTGhJUGZSbm9iWHM1SlB3T01xVEI0aXlEOVN4cTN1RmcwNGlwLWFWVU9VUWhxLV9kejhPQkhsZEw4ZmN5MGlFWm5Sc0dlZWZybjdNR3RTLTk5eW5RaE44OFBlSFNULWVZMExtX1ctMjF5amJENWdPT3Bfc0ZFby1Qdkt1Rzk2UzFjSWZBdmlPRm5xY1M4cFNIOVAxSFFMeDRhQzZw0gHQAUFVX3lxTE9fYUtmSVZJNzYtQ0N4Q0V6V3JzUmJqdGp4ek1rYmlSU1RsV010cm45dDBfQlNMaElQZlJub2JYczVKUHdPTXFUQjRpeUQ5U3hxM3VGZzA0aXAtYVZVT1VRaHEtX2R6OE9CSGxkTDhmY3kwaUVablJzR2VlZnJuN01HdFMtOTl5blFoTjg4UGVIU1QtZVkwTG1fVy0yMXlqYkQ1Z09PcF9zRkVvLVB2S3VHOTZTMWNJZkF2aU9GbnFjUzhwU0g5UDFIUUx4NGFDNnA?oc=5
Esmeraldas,Esmeraldas,0.9592,-79.6539,"Sun, 04 Oct 2026 19:35:00 GMT",Esmeraldas analiza declaratoria de emergencia provincial por lluvias e inundaciones - El Universo,Alerta en Medios,https://news.google.com/rss/articles/CBMizwFBVV95cUxOMmdtSEpQTktuTnF1am5vak1WTUhrend3NEdoVGtGcTd4U3ZkV1ZGME5xYXZDQ0hJOUZIekl2TWZaSXJFRTZRMzBNanczTTFIMVJENlR5Y2NKVlozejhnX3J3MzE1X2N1di0xNG9NaUVQZllJOUVXd2ZfTXk2RzRGYU1ueDZRMkxEaDFPczRiUHFzZ2FNdnhGTXM3M3hPZUVRbVdMc2RpeXBHNko0X1gyQUFoYnVELTJuZFBIcE5odUtvaGk5eU4waG5CMWc4REHSAeMBQVVfeXFMUDhObnBmUExNRTgxV3p1M1RjOGRZcFRCR0o0a292NTFILVBPdS13WW03WHZPMXBKNlo5LWhIMzRlazFHNVdwSkwwaEZoSXEyNkh6X0xmeEJyeUkwLVFOWlJ3TE5QdUMySjhlUTVsWFFMSXNDVHVucnZraUxtOWlySVd1YjgyeEFUanZKX0lhTHJ2V011Y1UzekU2MS1QUFhPTnZDOFJreDdVaHpUMUlMN2FpWk9qLXRKYUMtUFVKYTNWQzJ5QTNqUVJkem5uVklFUFF5ZjdCNVZnWE1oNTVheWh5bEU?oc=5
Quito,Quito,-0.2298,-78.5249,"Sun, 04 Oct 2026 21:20:16 GMT",Bus y vehículo atrapados en paso a desnivel tras fuertes lluvias en el norte de Quito - Diario La Hora,Alerta en Medios,https://news.google.com/rss/articles/CBMi0gFBVV95cUxNLU9FX29nUV92ZFNQTWR3Q0ltekNMWkRtQVhUNjMwLWl4UU80QVZ3RS0zelpaN0dscmJaVzhCYkQxQ3NBUE1SOXRRLUtaUXo5ZFpvZ3FIR1dMY0d3Qk4zWjNKTHRveEtDcXZrcVdDTzVhTjVwbndKcndraEZwSUlpTjc1T0NMNzVTY3lNNHpDeGlkeWVSa0JiQk52SUZhbmpEeDZoTkFmMm15UjF1bjVEODhUM2lQWWlXMU1hdmxnV3UtUkJHcjBzTFQ4VHB4QWtrdnc?oc=5
Esmeraldas,Esmeraldas,0.9592,-79.6539,"Fri, 02 Oct 2026 22:53:17 GMT",El Niño sigue golpeando a Esmeraldas y Muisne queda bajo el agua tras fuertes lluvias - Primicias,Alerta en Medios,https://news.google.com/rss/articles/CBMitwFBVV95cUxNWmQyb3p5a2NxQ2pZZFliaWRCVmR1aXdiUjQ0MVZDclZCUGZQRUtmb2FLcVF5bGRBT0xmSVVub3RSX3JDdmd4N1FzbU5jTDRpMGI3aG91YlF3QWF6TWNBbUZWLVZaS2RkVV9MMEFNZXRBdDVqaXNtNlRJZTY4bGtoVmU2UjlPeDRhbDF1aFRocjNEM001OTJXR2U5VmM5Uzd3a2JXd3p0cW1JbkJuaWRyemJrLWlNNDQ?oc=5
Quito,Quito,-0.2298,-78.5249,"Thu, 08 Oct 2026 03:09:52 GMT",Granizo en Quito: Balance de la inédita tormenta que colapsó la capital el 7 de octubre - Primicias,Alerta en Medios,https://news.google.com/rss/articles/CBMilAFBVV95cUxPT1AxQWo4X2F4WG9BTlBVdGczLTQwZDRCb0U4d2xJZWVSNXE4X1FaTzNxa01vYTY0N3plaVQtNmctd1A1dGUyNHhlWExCQ2F6Q1duVWtCcEJ1N24ta2xzOVV5VWZNVDRmRmxxdmhMMVF4WWxoeVBnMGhMX1JmWVROa3VEX1A1ZHNOZjhqQTJPZ2FyZXJl?oc=5
Quitopía,Quitopía,-0.2298,-78.5249,"Mon, 05 Oct 2026 01:56:33 GMT","Inundación en Quitopía, en La Y, durante fuertes lluvias de este domingo 4 de octubre en la capital de Ecuador - Primicias",Alerta en Medios,https://news.google.com/rss/articles/CBMilgFBVV95cUxObjJFOE1VaHRuY1pIc1NLYUFoZGJwSG9IVmtROW56OHJENklXM3NyQ2E0UFNoSUtqakxZRHMtQjAtM0I2NWgxemVpeHZxbkpHc1Z5d01nVEh2dzREM0lBOGxZU1AwWjJUT3dKRjVHLTJwblVEbFowUVB2Q2FES3VnSmtoZGZwYnRJOHdMWjZXSUl6czNOVlE?oc=5
Esmeraldas,Esmeraldas,0.9592,-79.6539,"Sun, 04 Oct 2026 23:26:19 GMT",Familias de Esmeraldas cuentan los daños por reciente inundación tras desbordamiento de ríos - Diario Extra,Alerta en Medios,https://news.google.com/rss/articles/CBMivwFBVV95cUxPOWZudXFKeFgwRFhLQ1ZEdzRtRVBMNm4yNGJ3RTFtZGUzOGo0NTdWZ2YzcXA1WHFaZlZfWDYwOFQtdk96RHZJSzY0UEt4aDA5ajVVbWQwZWpPZXU3VVlTV0l0Qi1BTDl4ZGk2OXBST2I1MGJ4clVMdk4wZmhRSjdfemRxemY5R1RWQkZxZ2lsUWVYQXVrSzVpU2hZQlM0a2tkcldfeXpldnRxdlk0QzVkY2xyenlfUkdZcUF1MzlhQdIBxAFBVV95cUxNZ0trU1VFaTBzUjNYZF9CRDB3SFFyZktxZVNxeDlUcUxabkZ2WDlMcTQ4Qy1aR0I1X05TUG1KbGVpV3l2dzM2MGRySFNiQlduYkRaVnBQM2pJdEFBb1EwanNKTElpbG9oaVppdFpaTHZVRGFEWDBiVVUzSmprUi1uVXFERVBVWGdZb21LX3JhcXhwRUFNOTBXVHMzVDhKZ2tERGlwTTlqRjRVcDRBeGZGQXY2b2dMRWtjME9lUEZ2QkkyMzFS?oc=5
Esmeraldas,Esmeraldas,0.9592,-79.6539,"Wed, 07 Oct 2026 12:53:00 GMT",Esmeraldas concentra más de la mitad de los 90 eventos adversos por lluvias que siguen abiertos en Ecuador - El Universo,Alerta en Medios,https://news.google.com/rss/articles/CBMiggJBVV95cUxNSTYyUEZjeTVCR09fbUMxajJBaC1LUEdBeU5uZXRYSkRJd29sSHhZMk5Qd2RpdWtQNFJIOWJYZk1zQUFRZWx4SWJBMERGd0xLY09DYjFjUm9VMFZ0NDFZUnZBb1lYdTFyNXNheGxZOWZoUGdtRk01ZUN4eG9xQjJ0OHprRDlTbEh3V2EweTBFbE1DSDRxcnNMMXFVUmJ1VGlvSXFKUk9LNHdiLURKTDNVR3NjaE1nOV9QVXZDN2s4R0IwSU44ZTNKZGN1VHhXX2JObk1fSmx5Zi01aVhfRVBiaTVnYkRPbng2eW9EMmRweVd3aE9VeEZTUWtZY2lkanNMaEHSAYICQVVfeXFMTUk2MlBGY3k1QkdPX21DMWoyQWgtS1BHQXlObmV0WEpESXdvbEh4WTJOUHdkaXVrUDRSSDliWGZNc0FBUWVseEliQTBERndMS2NPQ2IxY1JvVTBWdDQxWVJ2QW9ZWHUxcjVzYXhsWTlmaFBnbUZNNWVDeHhvcUIydDh6a0Q5U2xId1dhMHkwRWxNQ0g0cXJzTDFxVVJidVRpb0lxSlJPSzR3Yi1ESkwzVUdzY2hNZzlfUFV2QzdrOEdCMElOOGUzSmRjdVR4V19iTm5NX0pseWYtNWlYX0VQYmk1Z2JET254NnlvRDJkcHlXd2hPVXhGU1FrWWNpZGpzTGhB?oc=5
Esmeraldas,Esmeraldas,0.9592,-79.6539,"Mon, 05 Oct 2026 05:01:00 GMT",Tres cantones de Esmeraldas declaran emergencia - Diario La Hora,Alerta en Medios,https://news.google.com/rss/articles/CBMipgFBVV95cUxQaGZjQUFZdWFRSExEOElOU1dCN3BUTnpIb1E2N2wwR0FLXzlHZFRsRG1vXzFOSHVRTlNzbzQwaUxMZmIxb1lHRG5DZ1E1RmozWmhPZlRSUE00bF8tTEMyMC1GN0JWWkpEUHRDWlBHa2l5Tmg4bWZ4ZTY2dmlyamFmTklOZXBIWDcxWXZRanBWc2xuSTR5MklnSVFzZnlHOXF1TjNRNGhR?oc=5
Quito,Quito,-0.2298,-78.5249,"Tue, 06 Oct 2026 13:20:45 GMT","Muisne registra 'erosión hídrica', mientras Quito enfrenta radiación solar extremadamente alta - Primicias",Alerta en Medios,https://news.google.com/rss/articles/CBMiwAFBVV95cUxPZ3BEcE9rVFhXQnphZE1LQ2FEVU02ekNXNVA4aG9LRHBxRF9mVzFQcXgxRWVrYTNtdjhwNmcyZXQ4MEczeUpiY0lmSHZoSllHa1E4YXZwZDc0cnBvR3pVaS10R3FjQ3JMc01WN2xmQ21mN3JWallFQnFDYno4MVdzSDdJYllQNUpWcDcybnotVjRJcDZMTFZhaENla0poM09MX1h6akFkdFJRekFxVEY0RXZMalNxM2VOX1djcEg2LXg?oc=5
Quito,Quito,-0.2298,-78.5249,"Fri, 09 Oct 2026 03:31:51 GMT","Clima hoy en Quito, Ecuador: el pronóstico del tiempo para este viernes 9 octubre de 2026 - Clarin.com",Alerta en Medios,https://news.google.com/rss/articles/CBMiyAFBVV95cUxOTFpCcUtxdGNqcXloX3M5dHFpVkJUbzhNTzJuT0s2YjFNMkZydlFqZFBtRjNuelU3Q3Y5eW9IcTBOS0hIWlFqMXFtTUJtUzJ4QXM2OGpZZEZiNHp4NVI1UlpkZkF6cGswamIzdV9XcENROFNic0wzZTJsQXYtU3NSRU5ac3c5VmF1dld4cnU1cmJxd2VxbXc4RThkbVFGYUxMVmZuS2Z4Z2pUQUhYTGhCVmxPaGNLTzJpM0ZOcjBCNmp4SXlDd1Z1OdIByAFBVV95cUxOTFpCcUtxdGNqcXloX3M5dHFpVkJUbzhNTzJuT0s2YjFNMkZydlFqZFBtRjNuelU3Q3Y5eW9IcTBOS0hIWlFqMXFtTUJtUzJ4QXM2OGpZZEZiNHp4NVI1UlpkZkF6cGswamIzdV9XcENROFNic0wzZTJsQXYtU3NSRU5ac3c5VmF1dld4cnU1cmJxd2VxbXc4RThkbVFGYUxMVmZuS2Z4Z2pUQUhYTGhCVmxPaGNLTzJpM0ZOcjBCNmp4SXlDd1Z1OQ?oc=5
Quito,Quito,-0.2298,-78.5249,"Wed, 07 Oct 2026 03:31:53 GMT","Clima hoy en Quito, Ecuador: el pronóstico del tiempo para este miércoles 7 octubre de 2026 - Clarin.com",Alerta en Medios,https://news.google.com/rss/articles/CBMiywFBVV95cUxQYXlDeFY5cFdNdHE1WHBvbHh1SFVIcjEtV04zT0w4T2c0NkJ5cTBBaGwyMXdmUWJYUk5FMElORi04bmFGdnZSUzd5aWhNRFN5TWdoWXhhdnZUMTJpMG5fYUNJcjcwU2ZvVWtTTzdOUWlybTZUVGpGZW15VEhPazJFc1VHX0JTcDFPNE50enV6ellxOXlvMW1vcktwU3dGWExwUnlya0hOWlBlY29uV1AxdGhIRWZmZTVZRUh6MUF6XzVVTC1vakF6cFZyRdIBywFBVV95cUxQYXlDeFY5cFdNdHE1WHBvbHh1SFVIcjEtV04zT0w4T2c0NkJ5cTBBaGwyMXdmUWJYUk5FMElORi04bmFGdnZSUzd5aWhNRFN5TWdoWXhhdnZUMTJpMG5fYUNJcjcwU2ZvVWtTTzdOUWlybTZUVGpGZW15VEhPazJFc1VHX0JTcDFPNE50enV6ellxOXlvMW1vcktwU3dGWExwUnlya0hOWlBlY29uV1AxdGhIRWZmZTVZRUh6MUF6XzVVTC1vakF6cFZyRQ?oc=5
Santo Domingo,Santo Domingo,-0.253,-79.1754,"Wed, 07 Oct 2026 03:32:17 GMT","Clima hoy en Santo Domingo, Ecuador: el pronóstico del tiempo para este miércoles 7 octubre de 2026 - Clarin.com",Alerta en Medios,https://news.google.com/rss/articles/CBMi1gFBVV95cUxOLW1VTEExdkZkVEpveUNRaGs2Y2wzQlJoaHZiVTM2ZHdlRURJZGRXVUpzZzkwNC1RWlQzdnNyXzc4NnprektHMm5jSmxQQWR5ZVFmU1RuZDl6NjY1b0c4aXRCQzlkYmZLVlIwUXpPekJEbkVCUHd2OTJiN1FTX0M5eXRaSUZhSlJ4SWRtR3hNZi1OazA2VW1XQmI3a3AzYjM4NWZ5ajBuT2c4RUcxWTFpWjY1blZoYmRlcVZnTHpENFJLOGZUMGNTYjg3NU41SVltQk5nQzNB0gHWAUFVX3lxTE4tbVVMQTF2RmRUSm95Q1FoazZjbDNCUmhodmJVMzZkd2VFRElkZFdVSnNnOTA0LVFaVDN2c3JfNzg2emt6S0cybmNKbFBBZHllUWZTVG5kOXo2NjVvRzhpdEJDOWRiZktWUjBRek96QkRuRUJQd3Y5MmI3UVNfQzl5dFpJRmFKUnhJZG1HeE1mLU5rMDZVbVdCYjdrcDNiMzg1ZnlqMG5PZzhFRzFZMWlaNjVuVmhiZGVxVmdMekQ0Uks4ZlQwY1NiODc1TjVJWW1CTmdDM0E?oc=5
Esmeraldas,Esmeraldas,0.9592,-79.6539,"Sun, 04 Oct 2026 16:12:00 GMT","Fenómeno de El Niño Ecuador: ocho ríos se desbordan, siete están en Esmeraldas - Vistazo",Alerta en Medios,https://news.google.com/rss/articles/CBMirwFBVV95cUxQOHFBYVVPOG9SdHplVkRPcXdyRkM5bXdIZTBmSUpXRWdQa1hYRHRxUncxMmIyZnV6WHotUjRzT3lWRjFQRk9Ga3BmRUd6Q0hKY0ZWOS1HWTJKUlpFWGhKdldFc3RBWUF6Qk9Cb0txYmVCdmFiN1ZlQ09uVEs1cEVDQ2R4MktYSEJRdlhua1J2b2JlWXdvZTlPb0RfenNUT2pIN0dNVzhMY3hJQ0lxTDZN0gG0AUFVX3lxTE1WTENqRldLd1ZXUVVTd01rR2JZdUk0X0Vwb1VkeldCWW5KVUhHR2tnU1QxV3BHQlQ1SUl1Ykhyc0E2UEJjX3lnZzlsNGlPdjRCVTg5SmZoTnFxb3FDNFI0d0Vyc2lLWGhMNlY5cFlfcjNOemlJQUhTUmJqdkU1a2ZDRXItX29TMUdVNmtuNDFubUUybmhYQWZaa2xIcTJycmE2Zmh2MEFwU044UE1fS0NKSkVrRA?oc=5
Guayaquil,Guayaquil,-2.1961,-79.8862,"Mon, 05 Oct 2026 03:31:14 GMT","Clima hoy en Guayaquil, Ecuador: el pronóstico del tiempo para este lunes 5 octubre de 2026 - Clarin.com",Alerta en Medios,https://news.google.com/rss/articles/CBMiywFBVV95cUxQUFF0YjlkTU5qeEsyYmF2QnlXb3VzM1FWLVd0UThqNzM5WFNva0xYcWl5aGZfU0ZXUDhuU012NW1mLWlsaU1mWlQ4UUh5Y3JFTVliZ3F4UnNBNlFzS0s3dUFkRzZxamNYRFBORXlDVG1Wd3Z6Tm9jZW5ndEktM2dMaUhWTXpOZFNweGhybE1PNjRFTkdyQXVsdDJSU1MwQ3RqdFFPek9KY1J4OXBSYmNqM0dSVnVFNktLN3pJWWxMNUhEWlVSUFp3NDIyRdIBywFBVV95cUxQUFF0YjlkTU5qeEsyYmF2QnlXb3VzM1FWLVd0UThqNzM5WFNva0xYcWl5aGZfU0ZXUDhuU012NW1mLWlsaU1mWlQ4UUh5Y3JFTVliZ3F4UnNBNlFzS0s3dUFkRzZxamNYRFBORXlDVG1Wd3Z6Tm9jZW5ndEktM2dMaUhWTXpOZFNweGhybE1PNjRFTkdyQXVsdDJSU1MwQ3RqdFFPek9KY1J4OXBSYmNqM0dSVnVFNktLN3pJWWxMNUhEWlVSUFp3NDIyRQ?oc=5
Esmeraldas,Esmeraldas,0.9592,-79.6539,"Sun, 04 Oct 2026 15:12:47 GMT",Esmeraldas: el río se mete en las casas y deja a cientos de familias en la desesperación - expreso.ec,Alerta en Medios,https://news.google.com/rss/articles/CBMipwFBVV95cUxPaWU4SDBNT0s2REdZZUxBSlJzWGFmSS1hWnpPdUFGY210MlN6aHFubHo1eUFLVnk1eUJKRWxoQlRvTi1wZ2JXVmwzc0huSklBN0ZYWGhOQ1FOSld5Zk1nLWYzd3B4ZWNqVEM2YlBLdFc3NzdJQXdTaEE0Rk53NkdTYzFUcFNIeEhSSXdob1ZtQzBuYnhBZXVyM3QwTGEzaGlxLUdvc0FaWQ?oc=5
Quito,Quito,-0.2298,-78.5249,"Mon, 05 Oct 2026 04:45:24 GMT",Granizo y fuertes lluvias golpean Quito: inundaciones y otras emergencias - eltelegrafo.com.ec,Alerta en Medios,https://news.google.com/rss/articles/CBMitAFBVV95cUxPT01YdDBxblFkOVZiWmNOZGdPeWdZVVZ1UkExNllCRVhRQzlPeTdPR3hlYi1CYndYTVd1aXdEUVVBWE03NWVPaG9IeG5xV3Qtd1lyaF9UMXotT19VX0FRZFA1UVRLc3dDQUJiQzBnQnhuRzR4QkxTTUxLeEs5YUFOamdPaWtoYzR2S25CdWJQVW84SDRUb1ZKVEs2YlZVemZENFplTG8xQl9nZmxUVWNyVURDclA?oc=5
Quito,Quito,-0.2298,-78.5249,"Sun, 04 Oct 2026 20:23:33 GMT",Lluvia provoca inundación en la estación El Labrador del Metro de Quito - expreso.ec,Alerta en Medios,https://news.google.com/rss/articles/CBMipgFBVV95cUxNUnFuNEJHNXQyZ0Zzb3g2Z2MyUW51WkxRanVQaWRGQWxPMEMtQUpXbXl3VUtiRHlKYXk4SGJJM1k2MmZXeGVuMWJQMVNSenl6OUwycXMxY2hENktmbDlTY3FoUXdlanROOHA3LXc5VVI0X2FKaGJrcHhROGxBVENkNmJ1NkJ6VnFwQlRxYVY1c2c2LTNtOHR0UG11dkd2b2xMZUhDd2ZB?oc=5
Esmeraldas,Esmeraldas,0.9592,-79.6539,"Sun, 04 Oct 2026 15:17:42 GMT",Seis ríos en Esmeraldas se mantienen desbordados desde el sábado - Diario La Hora,Alerta en Medios,https://news.google.com/rss/articles/CBMirgFBVV95cUxQWTVTOXk0TFJadWtiNjVVRTZ6UDc4ZDBnU0RaU2FQTnNzaFY4TkRSSzNkSnlXUnpudVpxdUhSTDQ3VXVPcVRoZDFLcnJYRnhEVENaOTQyQk8yb2tOYmJXZ2xKTVJvRHlLcUhqS1FzYUtGdVpYaEZnTjdMZUlxMTdSYmdlTjNuRlNOMjhNV1ktSmJ0RVdVZWFiTEJ3VFE4NUlRZHNxNXlyRlZoajlVVEE?oc=5
Vía Alóag–Santo Domingo,Vía Alóag–Santo Domingo,-0.253,-79.1754,"Sun, 04 Oct 2026 16:15:00 GMT",Vía Alóag–Santo Domingo fue habilitada tras cierre preventivo por lluvias - El Universo,Alerta en Medios,https://news.google.com/rss/articles/CBMiwAFBVV95cUxNN2FyQWhNU1o0R3ZkeDAwcDVJSFhia2JFMm9QVVFHeFVKc0toYk1kcHQwcWFldW5acWRscFA1VHRsYmZ4SDF0N2hEZ095cWRHOVJuS1lYX3o1OVJZZVJ4RWZtaDdSc21oNm8tUGs5b051SEY3RGplVkFtN3czOVNPVnQzVmtlYnJYcWQtVmF0aEZEdkM4SnJpa2F5bXJmTEtUYU90TV9IVFVrTGttaDc0YlZoekRrdzFqb1gwWTFQUlDSAdQBQVVfeXFMUGpubjRhSDE3YjUwcktfNVZMSUVMUUNLNEhmMElmeXhtMGJyQ0FuUG5FNFV1SEZBTTduWHZMaXl3SlJ5bGU5YnFWaDZMRDVmeGhNLXJQUGxtRGZ1OVY5R0Q4NzJfZ3YtMGlkQWtvcE1zSUFrUF9pelNKOVdWc1otTGo0cXBWWlRRUnh0am8xcXh1TWNwRzE4VF82bU1fdW91akdBYkF4YjN4RkhReEotVU00ZDF4QU9GMmUyMlRIOUEwZHpyenhOa0tTLVVEZEdTTjhCWHA?oc=5
Quito,Quito,-0.2298,-78.5249,"Fri, 02 Oct 2026 03:39:28 GMT","Quito espera fuertes lluvias con tormentas eléctricas hasta el 5 de octubre, estas son las parroquias con mayor riesgo - Primicias",Alerta en Medios,https://news.google.com/rss/articles/CBMioAFBVV95cUxQdUxGNnA4alF6YmdUXzk5M3pteHRQZ1I3Y1ByT0YzR2doVF9oWGFoTkFHcG9vcEEwZkpDS1ZGQzdVMkozZEh0bUU3TDAzNjk3NGRlYzJ0U1AtNURKV2ZQZUthbGVaTmNReGhCeXBDVkhwWndkaUJCb0dJT05YR3V3U0VlNG9TaUc5Wk9LUWRJV1ZmN1JxSTJ5QVN1dDcxNWdM?oc=5
Quito,Quito,-0.2298,-78.5249,"Fri, 02 Oct 2026 00:01:18 GMT",El precio del arroz supera los USD 60 por quintal en Quito; conozca las razones - Primicias,Alerta en Medios,https://news.google.com/rss/articles/CBMilwFBVV95cUxOVW9FdHRLSUxkWlFuZEF6YWVWa3plb1ktNmZxUjFtcVNEQmZlNkpJUTVIMnJzZDNGZmJLRHBJVWQyS2N3Ml9wd0pYZ0J6WVFBTkRhUGNCWGw2SVJob2g1R29vd2pnOHBldkc3RmVkYkNmZ0dvMlhNdmdWcVFFcjZBRUVXM0plVzV1NlVXVmlIUUVDQWFOa2Q0?oc=5
Esmeraldas,Esmeraldas,0.9592,-79.6539,"Mon, 05 Oct 2026 14:50:00 GMT",Dos ríos desbordados en Esmeraldas y Guayas causan estragos por las lluvias - El Universo,Alerta en Medios,https://news.google.com/rss/articles/CBMixAFBVV95cUxPV2JZbnc2UU43Q1llOFBBRzdkMndhTl9hT3dmNENfcmNVSl9sWkwtZmpqemdYVjlXWXF1VG9oLVltUmVNUXJtRXRrUjNKX0dUeVBDdVhITFlJcjdLUEdiUU1pdmZ4aGxaX3hsbm14V0NDbDBMQUFNY0lIQ0pFbTRiU3BCMEFmVEdlWDA5b2NkQjhVdC1xNTZRSndCRWNUMjBJUE9qcmJTZmlWbVpBUzFjUEFfQjZYVUFwT3I3OWNuS2hXUGVF0gHYAUFVX3lxTFBBMFozek1FeldJMENnNXNRZTM2RWIyWnUwWm1qTjlwcWtWNncyOTRTRWhBRzlWQlZfTDJNYTV2Y3Y5X1pEQkI4ajV3TDBfSFBfZGttel9UTEpEN1JXZFpURm1hekFSOWptaXVVSE1MUHB0U2NIZzllQVVmcWtYU2NlV1AzQXZZbkw5SV9YSDhxaVppVUFtajdzenpuUEplQ25pQ2gzT2paWW9HVzd5QUxCNEVLak15cWM3amVZblhJTlN4endwQ3NwWmdZbjg0NEJodFlEMUtBdA?oc=5
Esmeraldas,Esmeraldas,0.9592,-79.6539,"Sat, 03 Oct 2026 22:03:00 GMT","Inundaciones y ríos desbordados en provincia de Esmeraldas, Ecuador - Prensa Latina",Alerta en Medios,https://news.google.com/rss/articles/CBMiqwFBVV95cUxNeDdSWDZqd19FcnROMGpIellUNzJRWHZtdEpmbnVfdGRzNU1jTFFfMm51VDdFeUpVMllGZV9jSU9FdFlfRjlLZC05X1ZEUklYMWlkTzR1bE5Cb1FocEdWTkFBczVkT0lJQkZzQmpRdEZOLXoyb2lzb0k3VkV1LU1rcFAtZTZlc083ZEQ5U1dBYWlCMTY0WTRweXQxTzhXYTllNVA4blh2ekxxZkk?oc=5
Río Esmeraldas,Río Esmeraldas,0.9592,-79.6539,"Sun, 04 Oct 2026 04:39:00 GMT","Nivel del río Esmeraldas desciende, pero persisten inundaciones en dos islas y alerta en caso de nuevas lluvias - El Universo",Alerta en Medios,https://news.google.com/rss/articles/CBMi8wFBVV95cUxOMEV5ZzU5WmhEZDVobFFDVlMzYXRUbGdBN2pmZTRhV0xfcmxzanpRQWdFOFpZMnhrTVVDQ3FDVmpzdEg1N2NuWEhjQ3ozdDZETlZTVTkweEFfVDROZDN2aGx3aVpvbHFlYUhpQXM0a1IyNVppWWZUUWpGb3ZVQk0tUDdEU251eFBOV1U4RHdmZGJRRG85ek5La05KMzQ3dW1NQkhZZXppX1RicldOcXQxUXYxem45QzFURGNJUk1mX1luclJQUnZxcDNoVEo4Z0lGSlg1dHV4N0VWbjNybHVsbVFqbWs2Q3JUWXVyWlNNUW92NmvSAYcCQVVfeXFMTjdyR3ZOMTRnNVpOMkhfOGE2ZlhacGZ2cnh6ZWFNcWRjMDZSUUw5NUxPcDNYaThNRFJDRUM3SDBuTklVejVwVVZHamhOclgxR1FmdzBEZERFaXp5c09YZVRlUWYxd0hMbHlna2U5Mmk0Z1F2SmRRUmNvdFVGX3FTSGZ6RnlvekJLRGVZRTBvUFNLTk5mY0kxcGk5VmNMandqVnJDS3VTREpRWTBEcEM0OUw5aFR5bXlacDdQeDQ2TEpsSmF3X0FGY2NnbXVNSlB2NUEzbHBrRGx4dXB2c3JzV1l0aHQzUFVGMTRDNlR0NjV5OXl0WDlGR0kxRTlkMDlCc3ZhV3M4UG8?oc=5
Guayas,Guayas,-2.1961,-79.8862,"Sun, 04 Oct 2026 00:04:00 GMT",El fenómeno de El Niño está activo en Ecuador: ¿qué se espera para Guayas durante octubre? - El Universo,Alerta en Medios,https://news.google.com/rss/articles/CBMi1AFBVV95cUxOLVh2anRQQ1ljVVpPeTA3RDQ4NlRLTlBGeTVua3M5bkJSSGt4aS1wRHQtOHZXN01JRm1jbzZQT25LbTh6cGV2VWpQQlI2bHRoSzZvd2lLNzYwa3g4ZVhsQ3l4bVlocU83LXJIMHpGZmRGVlRfUi1UdG1lb1lwVU4zVkpSSjIxbEZDLUdUazJZbUlUSmxZM1lKN1cxb29lbGo2ZDJ6OFhWOWNYT0ZTVEJVckxPajFEYXlFeDI1VG5KZHdoTDlrSjVaY2FRN3k0dmVHVGh1T9IB6AFBVV95cUxQTGJ3blJjLU54UkJ0TDFrREc2NkZZc1h2YWFQMmFNaDVXSm5PSDEyZjhVVlhvNVAxQ2NsS1lXMHN4R1VXYk8ydGZOVkgyTzJvampmdFdoN2dUWTZ2UktSQXhtTGl0WmFVLWdjUkxVaENtdVRwclIwWU5IanlXbmZPUDZXY2ZCRmw3dkU2aWt2Mnd6cFpxbUdQMDlFcHVvazEzVEtEUUNRVUdTYXFNQWtUTTFJcVF1cTc2TVl2cmttcHhyanp0Tmx5dXpJdUM5ZVVLZlhzYXo3dTItSWF4X1BOS01zWFlCYXBo?oc=5
Cuenca,Cuenca,-2.9001,-79.0059,"Tue, 06 Oct 2026 03:31:48 GMT","Clima hoy en Cuenca, Ecuador: el pronóstico del tiempo para este martes 6 octubre de 2026 - Clarin.com",Alerta en Medios,https://news.google.com/rss/articles/CBMiyAFBVV95cUxPUVdlVzloZ0NuaXJRNkZMdjk0UHlTRWhFZnRsWFlWbXhlRC1QdHFBNG9HU1lCT0dOTV9JRkxqWW1MaFhad0o1ODdwWDRoeUtkaUlVb3VISDFXTTVNVlJwV2d4cVZzZ3VxQnI1WUNDanE2YmF0NXFxd19RRl9qbXFsSmxVNDNPYUNhTjBHdng5LVNEcHB0T2xwSjNLVzNEZ01jbGJUN2VoenJvb0FwREJ6TDNNVG5NQzJTTlNuN2pkR01jcTBCeF9vR9IByAFBVV95cUxPUVdlVzloZ0NuaXJRNkZMdjk0UHlTRWhFZnRsWFlWbXhlRC1QdHFBNG9HU1lCT0dOTV9JRkxqWW1MaFhad0o1ODdwWDRoeUtkaUlVb3VISDFXTTVNVlJwV2d4cVZzZ3VxQnI1WUNDanE2YmF0NXFxd19RRl9qbXFsSmxVNDNPYUNhTjBHdng5LVNEcHB0T2xwSjNLVzNEZ01jbGJUN2VoenJvb0FwREJ6TDNNVG5NQzJTTlNuN2pkR01jcTBCeF9vRw?oc=5
Esmeraldas,Esmeraldas,0.9592,-79.6539,"Sat, 03 Oct 2026 22:15:00 GMT",COE evaluará la declaratoria de emergencia en Esmeraldas por las afectaciones causadas por las lluvias - El Universo,Alerta en Medios,https://news.google.com/rss/articles/CBMi6AFBVV95cUxNOWJwdWthRjBEemkxYUVESC1NbzR0am1GVHZBQ3ZtUDdOcEdGNVNWLXpBYUNOUFYzZEtBMWtYblpuUVl4WWNNMjN4WnA5U1A2a3hyeGhNdEdZdXVmaWI3cFNDTHduSFhlSlRIVGlsbTlKcnlkU3N2dmZnaGVmdGVDc19KYUNVZzhIcHBrekpoa0QxSTZVWThycFpaTG52VUVEZlY1X3VKaW9vQXJQQXFGQVVHSnVlOTJ6RkszR1ZHWU9BNEtCdlh0Y3NjWXZDdVRKN055ZkZjYlVXeGlNRTFVZ01kclVxZjVG?oc=5
Esmeraldas,Esmeraldas,0.9592,-79.6539,"Sat, 03 Oct 2026 17:32:23 GMT",Ríos desbordados en Esmeraldas: estas son las comunidades aisladas por las lluvias - expreso.ec,Alerta en Medios,https://news.google.com/rss/articles/CBMipgFBVV95cUxQYjZtb3lleTM5cW42aDRqOVhBc2dmN1QzVTJjcGtLdDRnT2NIZV80LW92cHlHeldlVjdoelhjdTdkS1duY3lqVGhpWXY1Uk5fRlVkVG0wZmozaDFEY3k2bVNuLWdhcVctbmp2VVpxYmE0aEtBZDlTalhmbVpDd1h3all6ZmcyeXB3RVZiRWRNSGlTdnAzeXpzRUFhQXJaaWEtU3BlWndB?oc=5
Esmeraldas,Esmeraldas,0.9592,-79.6539,"Sat, 03 Oct 2026 07:00:00 GMT",Esmeraldas bajo el agua: el COE cantonal declara en emergencia a la ciudad - eltelegrafo.com.ec,Alerta en Medios,https://news.google.com/rss/articles/CBMixwFBVV95cUxQU3o4SWVXM3JEZFp5ZmJhYnRBS09uRmN2WjdIekEzQlV0VFFHdkZHV2psNzhNWXFrSjg1eDEwR1lET1VMbTM4eEx4eXVGZlZodElNYTFzMF84eWFNaVhiVlRTUWtuLU1hU0wyNEZQUFpFbkxPaS1qRDlyWmtZU205Y2ZFUE9BRFQ2ME9wN2p2bUdhRzd1TEhYeFJvOEtYMl9qZDdiRVNPMXMza1JTczd0NWJpS1BWUEhJVVJzdno1T3FUSnpkN09R?oc=5
Quito,Quito,-0.2298,-78.5249,"Sat, 03 Oct 2026 21:59:59 GMT",Hay advertencia meteorológica por lluvias y tormentas en Quito hasta el lunes 5 de octubre - Diario La Hora,Alerta en Medios,https://news.google.com/rss/articles/CBMi2AFBVV95cUxNaGxBWXd3QUlCeXJhNHpWX1pGV1BCM2ZrRmhTbGQ3cGVXTVZBa1NfUHpNSGxMOXBxQlhoLUpLa1A4Q2xIc1V5Y1pGTi1uaDdrOHdmUjVqem55OXlBT1VhdS0xdW1kQVBxbnJWOHBIYUpTYThjQzV2MXZIa2ttQklSTmpCSk02MVRqUC1SYWU4d2pfcVh3MHNUaVoxU2ZyUVBENjFvMHVQb2drdFVDQzJUNk9vTkN3cEpmTjVTS20wSGxPS1lrX092WGtzR095SFB2RmJpekMxdjk?oc=5
Quito,Quito,-0.2298,-78.5249,"Sun, 04 Oct 2026 19:03:08 GMT","Fuertes lluvias en Quito: 'Cordonazo de San Francisco' provoca inundaciones en el Metro, carros atrapados y rescate de un bus - Primicias",Alerta en Medios,https://news.google.com/rss/articles/CBMikwFBVV95cUxOYnhiYkZuRGRFcWJ4RVFQd0Y1SXMwemw4ak44V0JEeFlFRW1fdnRNMWFMa081VXZzLTZJSEpRZHdWMTUzZFpENW81ZnEyby1xUzl2dXpkek9kaHZ1TE5QRFAtR2NPY3puNENvS2NuUzIwU1c0Mmd0cTZoUWExTlRMMUpIOWZJdnQzM1d4dWFrd0ZHQWs?oc=5
Guayaquil,Guayaquil,-2.1961,-79.8862,"Fri, 02 Oct 2026 07:00:00 GMT",Lluvias en Guayaquil: este es el pronóstico para el fin de semana - eltelegrafo.com.ec,Alerta en Medios,https://news.google.com/rss/articles/CBMitwFBVV95cUxNbXJ2Y2xhMElzSUg2QVJiWGJuSWg4cUU2eW1EbmJwbnQycV9GYjJ3LURGeFpGa09KbkpGel9sMm9ZNHRjRkVZM0JCMG9EMmlQLXpPSzBYbkpDekw5Q2NDYURocVAyQ3EtcVlLLVhKX2MxdzNOc0xPLTFEWXMwcFoyNWx5MEZYRXhSTEV1cjdYakI0RFQ2bm9VeThyNEI2STFyY29oMUYwV1Fvci1SZy1GMzdCS05hUlU?oc=5
Guayaquil Registró,Guayaquil Registró,-2.1961,-79.8862,"Sat, 03 Oct 2026 23:52:44 GMT","Guayaquil registró el septiembre más lluvioso desde 1961 y El Niño se afianza en Ecuador, dice Inocar - Diario La Hora",Alerta en Medios,https://news.google.com/rss/articles/CBMioAFBVV95cUxPU0c0c3lhTVQwU3FVRWNWV1VEUWJZYTNGdjZNWjZoV2dmM1lIZmUyQmlzcWlKc3hZYWtfY3M4R2xGdWJKUjdtLTR0TWR3dHU3WnAzZ2Q4R0UtalFkOTMtSGpmd1BjNjRER1NEdFNfN3g1RUNKeldmN0NkY1FLTmk4cW1PcW5Kazh6WHJZNTlvR0Qzc3cteTdZa1ptS1hQYlVM?oc=5
Esmeraldas,Esmeraldas,0.9592,-79.6539,"Sat, 03 Oct 2026 20:59:43 GMT",Lluvias causan inundaciones y pérdidas de enseres a familias en zonas de Esmeraldas - Diario La Hora,Alerta en Medios,https://news.google.com/rss/articles/CBMi1gFBVV95cUxOYXVBQXRST3VWX19oN0txT2gzZ1NmMFlEcmh3WER2LS1SMk5pWTBpUFhQUWg0OEx2Y2lIdzgxNWVNQlZQZWoycFFoN3doZXNOSkpTbTlZQ1Y2YUZ6ZnlfU21INi1vRXF0c3lKWW01b050MmJKMVFNNmNUU3V3bTMxYVRIcG9hZW1xemdGVGsxVjdlUXhibjVhalY4SmVwcU8yOUEwbkUtRWNFdUg5STIwYWhJdEIwUkQ5VjMxbHdubEtEWVp5aThQa2xKN2swQWcxbEtoQzZR?oc=5
Esmeraldas,Esmeraldas,0.9592,-79.6539,"Sat, 03 Oct 2026 14:05:21 GMT","En Esmeraldas y Pastaza hay nueve ríos desbordados, según la Secretaría de Riesgos - Diario La Hora",Alerta en Medios,https://news.google.com/rss/articles/CBMi0AFBVV95cUxOMUVlVVQ0a3FuZlBZMkMwQkVKVmNlMDBQUXN3YV92WUpNTzA0YnFGZTVjQ2cyU01na1JzY0ZYeHdMSWVMblQ1T3FLa1JTWnd5Q0Z1dEhrYnoyNWhCLWY4UFRPLXM3dVplNW9PT0E3TGlMcTZkVXVjYTgzdU83dmRzcHlrY3pnRF85WFJpc2lBbmVIVGEzT05SSTdaQnhRc2xESWJBZU5rbzhONUQ2SmdFa2lGYWVMa1NvaEZuRDhUbENDS1JnRDdzSXgyZ3ViSEVL?oc=5
Manabí,Manabí,-1.0545,-80.4544,"Fri, 02 Oct 2026 07:00:00 GMT",Manabí tiene 15 COE cantonales activados ante las lluvias y los efectos del fenómeno de El Niño - El Universo,Alerta en Medios,https://news.google.com/rss/articles/CBMioAFBVV95cUxOS3ZJX19jc09fLWd3ZDNzSkJzN2N6d1BLZ0RTdW9ad2lLamlQNlJCWF83UkRyT2gtb3Q1eG1DR0poejRqUEpUNEg3UFU4a2tmckVRdjFlUkVndm8xN1A4VXE0WUpFcXJteTEzZGhKd0Ffc2Y4TGw1cEhBMWRCcTd0N2NwMzBUaU1LSWs4cGJQSTl5TnJtVnI4MHJhTFE0MVRY0gG0AUFVX3lxTE4xVngyV2l4c1kwZVJyR3d2eE9ZY292NUJhMUhCQzlPLXRqN2Z3cmRtLUVSbVlnbXhHT1R5bGpEWjBRWUY2TDVoRk51VGRhc0xKNXJyejBzZi1RMU5BSTVCb3Y5YkpieUdnQm84SFZCc2xMR2dqbEl3U3dXcm92QV9oOWtHWWRCWk9TclRKb1NLQm5xZHYwbUhjM2w0UURCTUZUcEF3SGlDazg4czJaZE1VM0E4Sg?oc=5
Guayaquil,Guayaquil,-2.1961,-79.8862,"Sun, 04 Oct 2026 20:00:00 GMT",Guayaquil tiene balance alto de lluvias en el mes de Septiembre - Ecuador 221,Alerta en Medios,https://news.google.com/rss/articles/CBMilAFBVV95cUxNVGVUUTZ6UW1MYno5aUUtNUFXbjNJRk5tRm44S3BOYW81bFlGTmZjSTlrYVJjRGhENW9CTE52Vy1Mc1plRE9TbVAyWFlYc194aFBQN19IRzNUT2RWTlRVLUxYUWRKOVprNXpzWUFsVHcwM2hPU3hmaHNqT3BLelhQcm1fZk01aWszenBrWGdqVVF1eWFV?oc=5
Esmeraldas,Esmeraldas,0.9592,-79.6539,"Sun, 04 Oct 2026 13:26:54 GMT","Casi 10.000 afectados y damnificados en Esmeraldas por lluvias, según Secretaría de Riesgos - Diario La Hora",Alerta en Medios,https://news.google.com/rss/articles/CBMi3wFBVV95cUxNSC1PdXladkdNa1dxY1l6Z1VmMXc5ZGlzMExrenpyTVlweXRJSWlUN19WZ0RrZmpkT3ZFUWQyTHhiVk96V0lNNGllSFFGamY5Ny16cnJIbXNTSkgxcC1TcjZ6OFhoeFFlcVdlQzhmS2VnQmlYUVF1X0hKLUJSbnlPX1I0OHZhcldCWkdySUwwa2NBQWRvSjlvREpGdE9HWnZDRE0tTGVLTnRaZDJqdVJMSmdKZXk0a3FzSmNMNWhzN0VJNXhYWjVwQXRoZnB0djNzNm5wYkM1Nzc3X2JvOXpB?oc=5
Guayas,Guayas,-2.1961,-79.8862,"Sun, 04 Oct 2026 12:17:15 GMT",El Niño se intensifica: ¿qué pasará con las lluvias en Guayas durante octubre? - Diario Extra,Alerta en Medios,https://news.google.com/rss/articles/CBMingFBVV95cUxOQURveHlOdGhCQ1dPdFo1N1lJRFJDallHSnlOYnZLdEpXVXlBRndKRWktN0NEcVJpTEtfY0xvRTZxMEtFNkc3RjdvbzdYd3gtSnhjMGlJX0E0THFZbjBJN0hoTWtwWm1jaElPMVZuQkttN1hneUdfTmRfTTVtX1p0dFVEX0Ixc1lDSG41NTBqOVM4dHVGb3ZPQ2c5dlAxZ9IBowFBVV95cUxOa3FRaFlJeFFzekVYblh6N2hHa29zN2FVTnVKaHB0N0pOVUNPOXVYSFZaNnAyNHRwQjVGRThvWi1GYkRGUml1TTMyOVJfU2JIREtneVp2bkNQQk94cEoyRk5IM2psTFhOd0gxbGQ2WFVUaWhJMUZTbjJoU3VDS1dPNzFsemQ1bG90QlJJQjRoRVJDRzRiVDBQVmY3ZExXYzRsSlhj?oc=5
Esmeraldas,Esmeraldas,0.9592,-79.6539,"Tue, 06 Oct 2026 02:34:28 GMT",Ocho hijos y una casa bajo el agua: el drama de mujer en Esmeraldas - Diario Extra,Alerta en Medios,https://news.google.com/rss/articles/CBMinAFBVV95cUxNUjk2VWxXd1g0TTlxUmV4cDNUdjZXNlNzRDlzUXZ6VkJ4QlZ1RkpIZUtuLUYxYm5RbF95ajlmaEhIMVFSSlVka3h3c3VhWGxoRWZESi11cDk0cVRsSGFydFVfYldkWHFxdlV5SUxXS2VjaTdDZWh3elljcmNueGo2MTNWdzFsUU1GRkpkSW01Qkd6Ny0zZWhMeW9ndUbSAZwBQVVfeXFMTVI5NlVsV3dYNE05cVJleHAzVHY2VzZTc0Q5c1F2elZCeEJWdUZKSGVLbi1GMWJuUWxfeWo5ZmhISDFRUkpVZGt4d3N1YVhsaEVmREotdXA5NHFUbEhhcnRVX2JXZFhxcXZVeUlMV0tlY2k3Q2Vod3pZY3JjbnhqNjEzVncxbFFNRkZKZEltNUJHejctM2VoTHlvZ3VG?oc=5
Quito,Quito,-0.2298,-78.5249,"Mon, 05 Oct 2026 07:09:20 GMT",Quitopía bajo el agua: centro municipal inundado tras un día de inauguración | VIDEO - eltelegrafo.com.ec,Alerta en Medios,https://news.google.com/rss/articles/CBMi0gFBVV95cUxONHBLQlJ0c1ZrXzdUVi0tSXFMa09jc3hwTUQ3OFVFT0JrNGcwTzVRR3pMeVFzWDVDNHZsZkk4ZmdwR202Z1hjWm43QWZxNG5OQkpJaGNrYk16dU9nTGgwdklWY2prNWNuaDZScnp5TWdjMUk4c19DMmZHck4taFJ2QkRDQTU2T0FyYmJYYjJQamVtalk4Qk1Hc3FaakpfRHRsU2dFSG84TzEzMGtoR2dneEx0bng1TEpMS0xrclprbFlDV0lKYUxqX00wU2hfY1hQMXc?oc=5
Quito,Quito,-0.2298,-78.5249,"Mon, 05 Oct 2026 14:17:28 GMT",Estación El Labrador del Metro de Quito retoma operaciones tras inundación - expreso.ec,Alerta en Medios,https://news.google.com/rss/articles/CBMiogFBVV95cUxQM1VUem0zNE95N2d6R01xWDhhOE1mWTRHMHlEdjNfTjdyRTNtTHJ1REFLUm00Z1R6YUlRSFB2TXpNdWNMSmF0WFFVRDR2b0FJLVpHVlp4Z08wcS1FUnZfQ0laSjl0ejAtS0gyaUlhT3lsQTNXMnhqbDFud2ZxRU9wcGFwc25CdWMwQXkxMGZzYUlUYWluV041RGdiRXRYNHNKSnc?oc=5
Quito,Quito,-0.2298,-78.5249,"Mon, 05 Oct 2026 02:17:36 GMT","Quitopía, inundación tras el aguacero en Quito un día después de su apertura - expreso.ec",Alerta en Medios,https://news.google.com/rss/articles/CBMipwFBVV95cUxQa0c4NVhwWFVIb3J6Z09MNDlXTWtCNy1mNGVfSHdpZEtSZkR4UXRBVzRVM2ExMk1Xd1JRYkFrZnFqbDR5aDlLRXlyTnFVSVp4MlBEbnZjeXhRRmdwNUNCZzcycXJ5WURyQnZKdUtCV0RaN1FEemF4VmlKdkFLemVRSGI1eDdQMUZUSzZmTW1KbXpPenlqRWg2X1hpMDRrUmswMm9WMDNWbw?oc=5
Quitopía,Quitopía,-0.2298,-78.5249,"Mon, 05 Oct 2026 11:48:43 GMT",Instalaciones de Quitopía se inundaron a un día de su inauguración - Ecuavisa,Alerta en Medios,https://news.google.com/rss/articles/CBMioAFBVV95cUxNVm5VZ1NDR19oYTJtZTFMcFNid3IyYkFXMFc0amFDVnpjRHpQSVZCNzdXOUVLb1dnSExJNU9fM3pxOE56cXpGTVZYbG84NExMOXNZVjZjVjJCSEx5UURUYlgwbGl1UTJkWjFsc0I1OFFELUZkRnRDck1zM0tJdGxWbHJDWV9kdmx2Mmg0WmVwVndBQ1U5TTVkSF9WX19xQnJu0gGmAUFVX3lxTFBsTlBvSmItRGE0OEVZR2ptblkxMUUxeUNGVFR2dGNuU2JmSnBDVVhXTTZ4NDUyTmRFZjZjdTdHN3UxUkVvUzA5NTFZMmlmY0oyM3hoT2tXcl9QekN5R3VWTUhndE0yTU1XeUJCdXV3dmJpVXVmblRJdHhLRHNMdkdZeVVVb0VoUVlpSzBJOFlWbjZWMVd5Yk1kaTNCZFlZNmkwaVg2RGc?oc=5
Quito,Quito,-0.2298,-78.5249,"Sun, 04 Oct 2026 20:04:57 GMT",Aguacero y granizada provocan inundaciones en el Metro y calles de Quito - Ecuavisa,Alerta en Medios,https://news.google.com/rss/articles/CBMikwFBVV95cUxNOGVFTUptVEhXTEd3bldnM19aY2VrNHJKX28xNUh2RVh2cGF3c0E5dDRfMmh3UnJTaWsyVDltbFlFQ3ZiM3MzWkpZZ1FrUUdiWThhTWk5ZHRaRTVsSTFTUURZbHhJNW5GSmV2SlJhejNueHFoTEcwQXJoY1pLOFpVLW9OX2JlRlN6bjA0MjNnYllxYTTSAZgBQVVfeXFMUHB6ZWJRQUVPTUsxQy1jcmZPa29TZlBxWGZBd1phS1FsV1A2eVlmLWt4S0ZUUDluUTJ2NU5BVlhFN0F5UzltMzg4bXltUWJYMUVkdDJTdTBBZlVHOGVlUVgyZmlHN19TNFdRSWNGSDZzYTd3VHVHU1pRVmhiNHNwanJOY0dmb2x2ZGF1em1uVFZhY0lPa1hXZ0g?oc=5
Quito,Quito,-0.2298,-78.5249,"Sun, 04 Oct 2026 21:09:04 GMT",Lluvias en Quito: personas quedaron atrapadas en un bus por inundación en El Condado - Metro Ecuador,Alerta en Medios,https://news.google.com/rss/articles/CBMi0gFBVV95cUxObUZQZDU3NmF2UnRTenphd3JqRUtEaGhRTXpfQUFjaUZsdG9jcllWb0pIaXN2Uzd3ck5vazRObjM1Ql9fUXU0TkJFUmE2MlNFTWpsMG9udEZnWkpvaGNiVl96Z3dQQVE2WDlBVWc0Z2Yyc2tubjlvNWV0enYya0Z5WEZ0bDFfeWI0S00tTjJXX0JXTlJTU2F3anEwT1VTMENfRlFNZktBNTU0WWlST2hMNy1pbncwZjB0WWVWQWhQZi1zNXJBR0V4bHgtNUo0X2ZaWGc?oc=5
Esmeraldas,Esmeraldas,0.9592,-79.6539,"Sat, 03 Oct 2026 21:15:00 GMT",Inundaciones en Esmeraldas: familias caminan con agua dentro de sus casas y en las calles - Diario Extra,Alerta en Medios,https://news.google.com/rss/articles/CBMiqwFBVV95cUxPNFpnalJiWmMycTY4VWo4S05XaGlRV000cHc2M1dMMGxUelZrbkU0T3U5dFJDTFJWT09Sc2QzeTRqWHpvQVEzQ1BFS0xrMHFzaFNBQjQ2dkFRODhiOUpnMUozMkN0YUtGbFoyQ1VjUDd5Tm5hT05SOGpmQXBHMHdNbXEtQkJEWjBDQTk3eG00dm5sTUZFVkVCd1k4ZHVTVU56eWsyRzNVUGFYSEXSAbABQVVfeXFMUHVXdE9oQW9xVHVwOEZNUkZWcVdCUkFuM3NzbWlJOUV1dUxVb2Z3ZWxCT2E1NDh6al9vWjBCNlJWQTRESTFhUzA5TDFyNURDX1FleVkwYVhCU3gyNXVzMVZKQll4cEJmMkpGYVkwcGs5cXkwVnVoTThnQ2V1NWl3cXBjT3pDbEdxR2RYaWlCcTlUekh2SUxQcGxNazJOLVFKclVsYkhVWkVTZC03RkJZSjA?oc=5
Quito,Quito,-0.2298,-78.5249,"Mon, 05 Oct 2026 15:43:37 GMT",¿Qué es el Cordonazo de San Francisco y qué tiene que ver con las emergencias en Quito? - expreso.ec,Alerta en Medios,https://news.google.com/rss/articles/CBMijwFBVV95cUxPcktLcEhmUU5ZQWIteVFXNG5ZWnNZSjhBdXdEMG80Sl8tUkI0a2g1VmlsTDg2OHQxUkpiczNlamNLQjFEZm9sTlBELURjajJLVk1aMGc4VC1Mc05VaXpRdTdoUjc4ZjlNaVNEVDdRZFgyM1I2TmhZTG56cEd5elVpUk9kLWJNejh3Tm1qX21OVQ?oc=5
Quito,Quito,-0.2298,-78.5249,"Mon, 05 Oct 2026 13:11:50 GMT","Lluvia, granizo e inundaciones: estos fueron los daños que dejó el aguacero en Quito - expreso.ec",Alerta en Medios,https://news.google.com/rss/articles/CBMinAFBVV95cUxPMHZzRG8wQnlEZk5fWkxqQ2RuZHJIZDBoRkVIZDJuUGdqWmZpUXIwTHQ3MnU5bUJEMEhZWDJWLVpIcEp1NDBlY1gyRmlnWnM4MmxHbG5kSkxUTENWb3hlUWJrbDBzUUR5eFRnY0JXT3hiQ2toVmlGQjY3U3haSFNuQlU1cXg4UWpMdTJ2bFNNYjBwM0p6eWEzVE1fRHo?oc=5
Quito,Quito,-0.2298,-78.5249,"Mon, 05 Oct 2026 15:59:07 GMT",Fuerte lluvia causa inundaciones en Quito - El País Tarija,Alerta en Medios,https://news.google.com/rss/articles/CBMikAFBVV95cUxPWmdmRWRSYVBhMUZseUo3ZXhoNFp3SHlVUjlmellrNFVsM1dwRzJ1Mm9ILVhqY2EyQ3ZxRnA4b0t5ekFMX3JaVHkybzNNU000U3Eyb3EzZVlTbTNEWEZXVnVIWkhZS0ppVXAzMkVRTnVDakEzXzJOZmtQUzhBR19aTkozb2Mtalk5SHRWejhrOTI?oc=5
Metro De Quito,Metro De Quito,-0.2298,-78.5249,"Sun, 04 Oct 2026 21:50:00 GMT",Ingreso de agua obliga a evacuar estación El Labrador; el Metro de Quito funciona hasta la Jipijapa - expreso.ec,Alerta en Medios,https://news.google.com/rss/articles/CBMitwFBVV95cUxOd2pUR3ZTOVpOS2JZM2xCaTRhcjBmYTFkM2x6Y1JUaVpuMjRCM3JjYmJaRExkUEstTE9iN2VFbzNDLXpOQjFKajZaTHBLUXFFdzlyODJHc090c1ZPM2c1WkZBS1p0ZkJvSnhvTVBfemVRN2ZpNVloeTVJOGUwbGg1Ni1lcFJRYlA2X19LdkpxY0s1MzBRX2JIaFdCTm1Ld3M2ZnBYaGczcWVaQ1ZTOU03LTJ0SVpxSDQ?oc=5
Quitopía,Quitopía,-0.2298,-78.5249,"Mon, 05 Oct 2026 01:57:27 GMT",Área administrativa de Quitopía se inundó este domingo - Diario La Hora,Alerta en Medios,https://news.google.com/rss/articles/CBMi0AFBVV95cUxPdWVuWkVDTDJudjRSYXB3dThoTzE1RzViUjdLYkJYb05MOG9vQm9sOThRdmhldlAxVkotd1llQjNnOGtIcnpRLXBMeWFuOHBWaXZiOVFFUEM0VVdvU25zMlZnS1cwbnd2UEJDSzdJTWRteFM5TTVLcjhkaGVyN20wbEllekVNMFAxNXNTVWFCWEN3ZUpqMUNsZmJSWjcxSnZXeFJtLVFlbWUteExYa0s1M3R6LWREeXlFTHYzYmVuNGVfQ2E3ZUFyTkpfRC00Ymxy?oc=5
Esmeraldas,Esmeraldas,0.9592,-79.6539,"Mon, 05 Oct 2026 00:30:50 GMT",Fenómeno de El Niño: Tres cantones de Esmeraldas se declaran en emergencia por inundaciones - Ecuavisa,Alerta en Medios,https://news.google.com/rss/articles/CBMimgFBVV95cUxQZFNQRXBMRXdxS0tnZGNMMU5MNXZLcHY3V2F0VXNsb0lvV3k2b3ZySzJtYktTQ091czdqUW5CZFhXR1JBaWJWLU5laDlWSWdrS09mTGItazZIT3BJSkxPV0lmQXo1WGVBVm1HMUZZU19sMC1MQS1vUlViWURsUUt6NlFYWWZ3cWZHR2RvS2JJRXhSYWhCT3UxOFZR0gGaAUFVX3lxTFBkU1BFcExFd3FLS2dkY0wxTkw1dktwdjdXYXRVc2xvSW9XeTZvdnJLMm1iS1NDT3VzN2pRbkJkWFdHUkFpYlYtTmVoOVZJZ2tLT2ZMYi1rNkhPcElKTE9XSWZBejVYZUFWbUcxRllTX2wwLUxBLW9SVWJZRGxRS3o2UVhZZndxZkdHZG9LYklFeFJhaEJPdTE4VlE?oc=5
Esmeraldas,Esmeraldas,0.9592,-79.6539,"Mon, 05 Oct 2026 06:08:34 GMT",Desbordamientos de ríos provocan inundaciones en Esmeraldas y Pastaza - Diario Los Andes,Alerta en Medios,https://news.google.com/rss/articles/CBMiogFBVV95cUxPVks2emMzYTZLZjRlb2pfUGctNFkyYXNDMEYwdlYtQ0g0aTF6UFpiSS1DTFdpWGxuWE44U2pJYkhld3AtLVdsakFaNjg2NEFRc0JVQzktMHE2X0xiMUR0UVVRNG43bHZ1bkd4enpmSmdlNzAyQm1MWU40MFllRmZOc2FuZWFKYS04WFlESk55RmY3VVRvM3BRU3hzaXh4ai1BNmc?oc=5
Metro De Quito,Metro De Quito,-0.2298,-78.5249,"Mon, 05 Oct 2026 00:06:57 GMT","Metro de Quito sí funcionará el lunes 5 de octubre, asegura la Alcaldía, tras afectaciones por lluvias - Primicias",Alerta en Medios,https://news.google.com/rss/articles/CBMipgFBVV95cUxNOXY3ekZhU3QwT21ibHpqckZDcEVlSTJHVU9ha0NpYzdtTEVEUVRCQWlfb1ByRmdhRVVIR1pxd1o2NlBZNS1EWmllYVZ4UHAwTE1oYmZyX1JDQmRLaGQ1ZGxXeVZabUl4NlV6T1haSjNhaHFPUXhIaDh4OTN2NzN6ekgwSVZKdVNuZjJhampEMVd5VG5xWk1vMTRRM2lES00xR0tPeTZn?oc=5
Esmeraldas,Esmeraldas,0.9592,-79.6539,"Sun, 04 Oct 2026 17:25:05 GMT",El Niño deja 215 eventos y más de 13.300 personas afectadas en Ecuador; Esmeraldas es la más afectada - www.eldiario.ec,Alerta en Medios,https://news.google.com/rss/articles/CBMiygFBVV95cUxOSHZUMGRaeUxUQ1FoT1M5TW1EX0VBTExpNHpHTHFSdVpHd0duNW5xYWF2MWZrMFRnd0E3a0RYVHNRU05SR19vclVDVG1HeXpzR3dWNkJnQkZmSFFKWGhGYk1LcmRTRUJpT3FBeDgwRGcydUJWa1pTdmV3cHFrTUZOQzNabFVtWEZvbm9MN05nNl9fa2hBOFJWbF9YUDQyTVRBVktHRWdOcGJHZ21nNHBlWGRMWUNfRUQ4TzA0UF9iV0Zid1puenU3TVJR?oc=5
